program_id,cip,labor_market_cip,cip_mapping_type,cip_mapping_source,cip_mapping_verified,cip_award_allocation_share,cip_mapping_notes
ba_abst,16.1101,16.1101,one_program_to_one_cip,"Active Programs by CIP.xlsx, cleaned master program list",TRUE,,Single active AU program uses this CIP in the cleaned master list.
ba_afam,05.0201,05.0201,one_program_to_one_cip,"Active Programs by CIP.xlsx, cleaned master program list",TRUE,,Single active AU program uses this CIP in the cleaned master list.
ba_amst,05.0102,05.0102,one_program_to_one_cip,"Active Programs by CIP.xlsx, cleaned master program list",TRUE,,Single active AU program uses this CIP in the cleaned master list. Cleanup review flag: Multiple departments under collapsed master code.
ba_anth,45.0201,45.0201,one_program_to_one_cip,"Active Programs by CIP.xlsx, cleaned master program list",TRUE,,Single active AU program uses this CIP in the cleaned master list.
ba_apds,05.0103,05.0103,multiple_programs_share_cip,"Active Programs by CIP.xlsx, cleaned master program list",TRUE,,2 active AU programs share this CIP. Use CIP-level labor-market metrics; do not interpret IPEDS awards as program-specific without allocation data.
ba_apro,10.0203,10.0203,multiple_programs_share_cip,"Active Programs by CIP.xlsx, cleaned master program list",TRUE,,2 active AU programs share this CIP. Use CIP-level labor-market metrics; do not interpret IPEDS awards as program-specific without allocation data. Cleanup review flag: Multiple departments under collapsed master code.
ba_arth,50.0703,50.0703,one_program_to_one_cip,"Active Programs by CIP.xlsx, cleaned master program list",TRUE,,Single active AU program uses this CIP in the cleaned master list.
ba_asia,05.0103,05.0103,multiple_programs_share_cip,"Active Programs by CIP.xlsx, cleaned master program list",TRUE,,2 active AU programs share this CIP. Use CIP-level labor-market metrics; do not interpret IPEDS awards as program-specific without allocation data. Cleanup review flag: Multiple departments under collapsed master code.
ba_awst,05.0108,05.0108,one_program_to_one_cip,"Active Programs by CIP.xlsx, cleaned master program list",TRUE,,Single active AU program uses this CIP in the cleaned master list. Cleanup review flag: Multiple departments under collapsed master code.
ba_chst,16.0301,16.0301,one_program_to_one_cip,"Active Programs by CIP.xlsx, cleaned master program list",TRUE,,Single active AU program uses this CIP in the cleaned master list.
ba_cleg,30.9999,45.1001,multiple_programs_share_cip,Builder-proposed labor-market proxy (pending school/registrar confirmation),FALSE,,4 active AU programs share this CIP. Use CIP-level labor-market metrics; do not interpret IPEDS awards as program-specific without allocation data.
ba_cmap,11.0299,11.0299,one_program_to_one_cip,"Active Programs by CIP.xlsx, cleaned master program list",TRUE,,Single active AU program uses this CIP in the cleaned master list.
ba_cmlc,30.9999,09.0100,multiple_programs_share_cip,Builder-proposed labor-market proxy (pending school/registrar confirmation),FALSE,,4 active AU programs share this CIP. Use CIP-level labor-market metrics; do not interpret IPEDS awards as program-specific without allocation data.
ba_cmst,09.0102,09.0102,one_program_to_one_cip,"Active Programs by CIP.xlsx, cleaned master program list",TRUE,,Single active AU program uses this CIP in the cleaned master list.
ba_csc,11.0701,11.0701,multiple_programs_share_cip,"Active Programs by CIP.xlsx, cleaned master program list",TRUE,,2 active AU programs share this CIP. Use CIP-level labor-market metrics; do not interpret IPEDS awards as program-specific without allocation data.
ba_dnce,50.0301,50.0301,one_program_to_one_cip,"Active Programs by CIP.xlsx, cleaned master program list",TRUE,,Single active AU program uses this CIP in the cleaned master list.
ba_eced,13.1210,13.1210,one_program_to_one_cip,"Active Programs by CIP.xlsx, cleaned master program list",TRUE,,Single active AU program uses this CIP in the cleaned master list. Cleanup review flag: No exact master row; verify display name.
ba_econ,45.0601,45.0601,multiple_programs_share_cip,"Active Programs by CIP.xlsx, cleaned master program list",TRUE,,2 active AU programs share this CIP. Use CIP-level labor-market metrics; do not interpret IPEDS awards as program-specific without allocation data. Cleanup review flag: No exact master row; verify display name.
ba_eled,13.1202,13.1202,one_program_to_one_cip,"Active Programs by CIP.xlsx, cleaned master program list",TRUE,,Single active AU program uses this CIP in the cleaned master list. Cleanup review flag: No exact master row; verify display name.
ba_envs,03.0103,03.0103,one_program_to_one_cip,"Active Programs by CIP.xlsx, cleaned master program list",TRUE,,Single active AU program uses this CIP in the cleaned master list. Cleanup review flag: Multiple departments under collapsed master code.
ba_fmed,50.0601,50.0601,one_program_to_one_cip,"Active Programs by CIP.xlsx, cleaned master program list",TRUE,,Single active AU program uses this CIP in the cleaned master list.
ba_freu,05.0124,05.0124,multiple_programs_share_cip,"Active Programs by CIP.xlsx, cleaned master program list",TRUE,,2 active AU programs share this CIP. Use CIP-level labor-market metrics; do not interpret IPEDS awards as program-specific without allocation data. Cleanup review flag: Multiple schools under collapsed master code. Multiple departments under collapsed master code.
ba_frst,05.0124,05.0124,multiple_programs_share_cip,"Active Programs by CIP.xlsx, cleaned master program list",TRUE,,2 active AU programs share this CIP. Use CIP-level labor-market metrics; do not interpret IPEDS awards as program-specific without allocation data. Cleanup review flag: Multiple departments under collapsed master code.
ba_gir,45.0901,45.0901,multiple_programs_share_cip,"Active Programs by CIP.xlsx, cleaned master program list",TRUE,,2 active AU programs share this CIP. Use CIP-level labor-market metrics; do not interpret IPEDS awards as program-specific without allocation data.
ba_greu,05.0125,05.0125,multiple_programs_share_cip,"Active Programs by CIP.xlsx, cleaned master program list",TRUE,,2 active AU programs share this CIP. Use CIP-level labor-market metrics; do not interpret IPEDS awards as program-specific without allocation data. Cleanup review flag: Multiple schools under collapsed master code. Multiple departments under collapsed master code.
ba_grst,05.0125,05.0125,multiple_programs_share_cip,"Active Programs by CIP.xlsx, cleaned master program list",TRUE,,2 active AU programs share this CIP. Use CIP-level labor-market metrics; do not interpret IPEDS awards as program-specific without allocation data. Cleanup review flag: Multiple departments under collapsed master code.
ba_gvcd,50.0409,50.0409,one_program_to_one_cip,"Active Programs by CIP.xlsx, cleaned master program list",TRUE,,Single active AU program uses this CIP in the cleaned master list.
ba_hist,54.0101,54.0101,one_program_to_one_cip,"Active Programs by CIP.xlsx, cleaned master program list",TRUE,,Single active AU program uses this CIP in the cleaned master list.
ba_idis,30.9999,30.9999,multiple_programs_share_cip,"Active Programs by CIP.xlsx, cleaned master program list",TRUE,,4 active AU programs share this CIP. Use CIP-level labor-market metrics; do not interpret IPEDS awards as program-specific without allocation data. Cleanup review flag: No exact master row; verify display name. Multiple schools under collapsed master code. Multiple departments under collapsed master code.
ba_inst,45.0901,45.0901,multiple_programs_share_cip,"Active Programs by CIP.xlsx, cleaned master program list",TRUE,,2 active AU programs share this CIP. Use CIP-level labor-market metrics; do not interpret IPEDS awards as program-specific without allocation data.
ba_jpst,16.0302,16.0302,one_program_to_one_cip,"Active Programs by CIP.xlsx, cleaned master program list",TRUE,,Single active AU program uses this CIP in the cleaned master list.
ba_jrnl,09.0401,09.0401,one_program_to_one_cip,"Active Programs by CIP.xlsx, cleaned master program list",TRUE,,Single active AU program uses this CIP in the cleaned master list.
ba_jslw,43.0104,43.0104,one_program_to_one_cip,"Active Programs by CIP.xlsx, cleaned master program list",TRUE,,Single active AU program uses this CIP in the cleaned master list. Cleanup review flag: No exact master row; verify display name.
ba_jwst,38.0206,38.0206,one_program_to_one_cip,"Active Programs by CIP.xlsx, cleaned master program list",TRUE,,Single active AU program uses this CIP in the cleaned master list.
ba_lbst,24.0101,24.0101,one_program_to_one_cip,"Active Programs by CIP.xlsx, cleaned master program list",TRUE,,Single active AU program uses this CIP in the cleaned master list.
ba_lgst,22.0000,22.0000,one_program_to_one_cip,"Active Programs by CIP.xlsx, cleaned master program list",TRUE,,Single active AU program uses this CIP in the cleaned master list.
ba_lit,23.1401,23.1401,one_program_to_one_cip,"Active Programs by CIP.xlsx, cleaned master program list",TRUE,,Single active AU program uses this CIP in the cleaned master list. Cleanup review flag: No exact master row; verify display name.
ba_mtht,50.0509,50.0509,one_program_to_one_cip,"Active Programs by CIP.xlsx, cleaned master program list",TRUE,,Single active AU program uses this CIP in the cleaned master list.
ba_mus,50.0901,50.0901,one_program_to_one_cip,"Active Programs by CIP.xlsx, cleaned master program list",TRUE,,Single active AU program uses this CIP in the cleaned master list.
ba_phil,38.0101,38.0101,one_program_to_one_cip,"Active Programs by CIP.xlsx, cleaned master program list",TRUE,,Single active AU program uses this CIP in the cleaned master list.
ba_phot,50.0605,50.0605,one_program_to_one_cip,"Active Programs by CIP.xlsx, cleaned master program list",TRUE,,Single active AU program uses this CIP in the cleaned master list. Cleanup review flag: Multiple schools under collapsed master code. Multiple departments under collapsed master code.
ba_phy,40.0801,40.0801,multiple_programs_share_cip,"Active Programs by CIP.xlsx, cleaned master program list",TRUE,,2 active AU programs share this CIP. Use CIP-level labor-market metrics; do not interpret IPEDS awards as program-specific without allocation data.
ba_pmpe,50.0999,50.0999,one_program_to_one_cip,"Active Programs by CIP.xlsx, cleaned master program list",TRUE,,Single active AU program uses this CIP in the cleaned master list.
ba_pols,45.1001,45.1001,one_program_to_one_cip,"Active Programs by CIP.xlsx, cleaned master program list",TRUE,,Single active AU program uses this CIP in the cleaned master list. Cleanup review flag: No exact master row; verify display name. Multiple schools under collapsed master code. Multiple departments under collapsed master code.
ba_prsc,09.0902,09.0902,one_program_to_one_cip,"Active Programs by CIP.xlsx, cleaned master program list",TRUE,,Single active AU program uses this CIP in the cleaned master list.
ba_psyc,42.0101,42.0101,one_program_to_one_cip,"Active Programs by CIP.xlsx, cleaned master program list",TRUE,,Single active AU program uses this CIP in the cleaned master list.
ba_pubh,51.2201,51.2201,multiple_programs_share_cip,"Active Programs by CIP.xlsx, cleaned master program list",TRUE,,2 active AU programs share this CIP. Use CIP-level labor-market metrics; do not interpret IPEDS awards as program-specific without allocation data. Cleanup review flag: Multiple departments under collapsed master code.
ba_relg,38.0201,38.0201,one_program_to_one_cip,"Active Programs by CIP.xlsx, cleaned master program list",TRUE,,Single active AU program uses this CIP in the cleaned master list.
ba_rsas,05.0110,05.0110,multiple_programs_share_cip,"Active Programs by CIP.xlsx, cleaned master program list",TRUE,,2 active AU programs share this CIP. Use CIP-level labor-market metrics; do not interpret IPEDS awards as program-specific without allocation data. Cleanup review flag: Multiple schools under collapsed master code. Multiple departments under collapsed master code.
ba_rsst,05.0110,05.0110,multiple_programs_share_cip,"Active Programs by CIP.xlsx, cleaned master program list",TRUE,,2 active AU programs share this CIP. Use CIP-level labor-market metrics; do not interpret IPEDS awards as program-specific without allocation data. Cleanup review flag: Multiple departments under collapsed master code.
ba_socy,45.1101,45.1101,one_program_to_one_cip,"Active Programs by CIP.xlsx, cleaned master program list",TRUE,,Single active AU program uses this CIP in the cleaned master list.
ba_spla,05.0107,05.0107,one_program_to_one_cip,"Active Programs by CIP.xlsx, cleaned master program list",TRUE,,Single active AU program uses this CIP in the cleaned master list. Cleanup review flag: Multiple schools under collapsed master code. Multiple departments under collapsed master code.
ba_spst,16.0905,16.0905,one_program_to_one_cip,"Active Programs by CIP.xlsx, cleaned master program list",TRUE,,Single active AU program uses this CIP in the cleaned master list. Cleanup review flag: Multiple departments under collapsed master code.
ba_star,50.0702,50.0702,one_program_to_one_cip,"Active Programs by CIP.xlsx, cleaned master program list",TRUE,,Single active AU program uses this CIP in the cleaned master list.
ba_tht,50.0501,50.0501,one_program_to_one_cip,"Active Programs by CIP.xlsx, cleaned master program list",TRUE,,Single active AU program uses this CIP in the cleaned master list. Cleanup review flag: No exact master row; verify display name.
ba_wgss,05.0207,05.0207,one_program_to_one_cip,"Active Programs by CIP.xlsx, cleaned master program list",TRUE,,Single active AU program uses this CIP in the cleaned master list. Cleanup review flag: Multiple departments under collapsed master code.
bs_acct,52.0301,52.0301,one_program_to_one_cip,"Active Programs by CIP.xlsx, cleaned master program list",TRUE,,Single active AU program uses this CIP in the cleaned master list.
bs_apma,27.0301,27.0301,one_program_to_one_cip,"Active Programs by CIP.xlsx, cleaned master program list",TRUE,,Single active AU program uses this CIP in the cleaned master list.
bs_atec,10.0203,10.0203,multiple_programs_share_cip,"Active Programs by CIP.xlsx, cleaned master program list",TRUE,,2 active AU programs share this CIP. Use CIP-level labor-market metrics; do not interpret IPEDS awards as program-specific without allocation data. Cleanup review flag: Multiple departments under collapsed master code.
bs_bae,52.0299,50.1001,multiple_programs_share_cip,Builder-proposed labor-market proxy (pending school/registrar confirmation),FALSE,,2 active AU programs share this CIP. Use CIP-level labor-market metrics; do not interpret IPEDS awards as program-specific without allocation data.
bs_bchm,26.0202,26.0202,one_program_to_one_cip,"Active Programs by CIP.xlsx, cleaned master program list",TRUE,,Single active AU program uses this CIP in the cleaned master list. Cleanup review flag: No exact master row; verify display name.
bs_bio,26.0101,26.0101,one_program_to_one_cip,"Active Programs by CIP.xlsx, cleaned master program list",TRUE,,Single active AU program uses this CIP in the cleaned master list.
bs_blc,52.0299,52.1101,multiple_programs_share_cip,Builder-proposed labor-market proxy (pending school/registrar confirmation),FALSE,,2 active AU programs share this CIP. Use CIP-level labor-market metrics; do not interpret IPEDS awards as program-specific without allocation data. Cleanup review flag: No exact master row; verify display name.
bs_buai,52.1399,30.7102,one_program_to_one_cip,Builder-proposed labor-market proxy (pending school/registrar confirmation),FALSE,,Single active AU program uses this CIP in the cleaned master list.
bs_chem,40.0501,40.0501,one_program_to_one_cip,"Active Programs by CIP.xlsx, cleaned master program list",TRUE,,Single active AU program uses this CIP in the cleaned master list.
bs_cmps,30.3001,30.3001,one_program_to_one_cip,"Active Programs by CIP.xlsx, cleaned master program list",TRUE,,Single active AU program uses this CIP in the cleaned master list.
bs_comp,11.0701,11.0701,multiple_programs_share_cip,"Active Programs by CIP.xlsx, cleaned master program list",TRUE,,2 active AU programs share this CIP. Use CIP-level labor-market metrics; do not interpret IPEDS awards as program-specific without allocation data. Cleanup review flag: Multiple departments under collapsed master code.
bs_dsc,30.7001,30.7001,multiple_programs_share_cip,"Active Programs by CIP.xlsx, cleaned master program list",TRUE,,3 active AU programs share this CIP. Use CIP-level labor-market metrics; do not interpret IPEDS awards as program-specific without allocation data.
bs_dscj,30.7001,30.7001,multiple_programs_share_cip,"Active Programs by CIP.xlsx, cleaned master program list",TRUE,,3 active AU programs share this CIP. Use CIP-level labor-market metrics; do not interpret IPEDS awards as program-specific without allocation data.
bs_dscp,30.7001,30.7001,multiple_programs_share_cip,"Active Programs by CIP.xlsx, cleaned master program list",TRUE,,3 active AU programs share this CIP. Use CIP-level labor-market metrics; do not interpret IPEDS awards as program-specific without allocation data.
bs_eco,45.0601,45.0601,multiple_programs_share_cip,"Active Programs by CIP.xlsx, cleaned master program list",TRUE,,2 active AU programs share this CIP. Use CIP-level labor-market metrics; do not interpret IPEDS awards as program-specific without allocation data.
bs_ensc,03.0104,03.0104,one_program_to_one_cip,"Active Programs by CIP.xlsx, cleaned master program list",TRUE,,Single active AU program uses this CIP in the cleaned master list.
bs_fin,52.0801,52.0801,one_program_to_one_cip,"Active Programs by CIP.xlsx, cleaned master program list",TRUE,,Single active AU program uses this CIP in the cleaned master list.
bs_hepr,51.2207,51.2207,one_program_to_one_cip,"Active Programs by CIP.xlsx, cleaned master program list",TRUE,,Single active AU program uses this CIP in the cleaned master list. Cleanup review flag: Multiple departments under collapsed master code.
bs_maec,45.0603,45.0603,one_program_to_one_cip,"Active Programs by CIP.xlsx, cleaned master program list",TRUE,,Single active AU program uses this CIP in the cleaned master list.
bs_math,27.0101,27.0101,one_program_to_one_cip,"Active Programs by CIP.xlsx, cleaned master program list",TRUE,,Single active AU program uses this CIP in the cleaned master list.
bs_neur,26.1501,26.1501,one_program_to_one_cip,"Active Programs by CIP.xlsx, cleaned master program list",TRUE,,Single active AU program uses this CIP in the cleaned master list.
bs_pbhl,51.2201,51.2201,multiple_programs_share_cip,"Active Programs by CIP.xlsx, cleaned master program list",TRUE,,2 active AU programs share this CIP. Use CIP-level labor-market metrics; do not interpret IPEDS awards as program-specific without allocation data. Cleanup review flag: Multiple departments under collapsed master code.
bs_phys,40.0801,40.0801,multiple_programs_share_cip,"Active Programs by CIP.xlsx, cleaned master program list",TRUE,,2 active AU programs share this CIP. Use CIP-level labor-market metrics; do not interpret IPEDS awards as program-specific without allocation data.
bs_stat,27.0501,27.0501,one_program_to_one_cip,"Active Programs by CIP.xlsx, cleaned master program list",TRUE,,Single active AU program uses this CIP in the cleaned master list. Cleanup review flag: No exact master row; verify display name.
bsba_badm,52.0201,52.0201,one_program_to_one_cip,"Active Programs by CIP.xlsx, cleaned master program list",TRUE,,Single active AU program uses this CIP in the cleaned master list. Cleanup review flag: Multiple departments under collapsed master code.
hp_padm,44.0401,44.0401,one_program_to_one_cip,Standard CIP for Public Administration (illustrative non-offered field; added 2026-08-28),TRUE,,Illustrative field; AU offers no undergraduate major here. CIP 44.0401 has a direct SOC crosswalk match; no proxy needed.
hp_ppol,44.0501,44.0501,one_program_to_one_cip,Standard CIP for Public Policy Analysis (illustrative non-offered field; added 2026-08-28),TRUE,,Illustrative field; AU offers no undergraduate major here. CIP 44.0501 has a direct SOC crosswalk match; no proxy needed.
trk_crwr,23.1302,23.1302,one_program_to_one_cip,Standard CIP for Creative Writing (Literature BA track; added 2026-09-09),TRUE,,"Literature (BA) track; no separate AU completions are reported under this CIP. CIP 23.1302 has a direct SOC crosswalk match, so no proxy is needed."
