program_id,program_name,program_short_name,school_college,degree_level,active_status,catalog_url,program_name_source,program_name_verified,program_notes
ba_abst,Arabic Studies (BA),BA.ABST,CAS,Bachelor's,A,,"Active Programs by CIP.xlsx, cleaned master program list",TRUE,Generated from cleaned active-program master list.
ba_afam,African American and African Diaspora Studies (BA),BA.AFAM,CAS,Bachelor's,A,,"Active Programs by CIP.xlsx, cleaned master program list",TRUE,Generated from cleaned active-program master list.
ba_amst,American Studies (BA),BA.AMST,CAS,Bachelor's,A,,"Active Programs by CIP.xlsx, cleaned master program list",TRUE,Generated from cleaned active-program master list. Cleanup review flag: Multiple departments under collapsed master code.
ba_anth,Anthropology (BA),BA.ANTH,CAS,Bachelor's,A,,"Active Programs by CIP.xlsx, cleaned master program list",TRUE,Generated from cleaned active-program master list.
ba_apds,"Asia, Pacific, and Diaspora Studies (BA)",BA.APDS,CAS,Bachelor's,A,,"Active Programs by CIP.xlsx, cleaned master program list",TRUE,Generated from cleaned active-program master list.
ba_apro,Audio Production (BA),BA.APRO,CAS,Bachelor's,A,,"Active Programs by CIP.xlsx, cleaned master program list",TRUE,Generated from cleaned active-program master list. Cleanup review flag: Multiple departments under collapsed master code. Audio Production duplicate (11.0899) merged into this 10.0203 record.
ba_arth,Art History (BA),BA.ARTH,CAS,Bachelor's,A,,"Active Programs by CIP.xlsx, cleaned master program list",TRUE,Generated from cleaned active-program master list.
ba_asia,Asian Studies (BA),BA.ASIA,CAS,Bachelor's,A,,"Active Programs by CIP.xlsx, cleaned master program list",TRUE,Generated from cleaned active-program master list. Cleanup review flag: Multiple departments under collapsed master code.
ba_awst,Arab World Studies (BA),BA.AWST,CAS,Bachelor's,A,,"Active Programs by CIP.xlsx, cleaned master program list",TRUE,Generated from cleaned active-program master list. Cleanup review flag: Multiple departments under collapsed master code.
ba_chst,Chinese Studies (BA),BA.CHST,CAS,Bachelor's,A,,"Active Programs by CIP.xlsx, cleaned master program list",TRUE,Generated from cleaned active-program master list.
ba_cleg,"Interdisciplinary St: Comm, Legal Inst, Econ, Gov (BA)",BA.CLEG,SPA,Bachelor's,A,,"Active Programs by CIP.xlsx, cleaned master program list",TRUE,Generated from cleaned active-program master list.
ba_cmap,Computational Media and Applied Perception (BA),BA.CMAP,CAS,Bachelor's,A,,"Active Programs by CIP.xlsx, cleaned master program list",TRUE,Generated from cleaned active-program master list.
ba_cmlc,"Communication, Language, and Culture (BA)",BA.CMLC,SOC,Bachelor's,A,,"Active Programs by CIP.xlsx, cleaned master program list",TRUE,Generated from cleaned active-program master list.
ba_cmst,Communication: Communication Studies (BA),BA.CMST,SOC,Bachelor's,A,,"Active Programs by CIP.xlsx, cleaned master program list",TRUE,Generated from cleaned active-program master list.
ba_csc,Computer Science (BA),BA.CSC,CAS,Bachelor's,A,,"Active Programs by CIP.xlsx, cleaned master program list",TRUE,Generated from cleaned active-program master list.
ba_dnce,Dance (BA),BA.DNCE,CAS,Bachelor's,A,,"Active Programs by CIP.xlsx, cleaned master program list",TRUE,Generated from cleaned active-program master list.
ba_eced,Early Childhood Education: Licensure (BA),BA.ECED,SOE,Bachelor's,A,,"Active Programs by CIP.xlsx, cleaned master program list",TRUE,Generated from cleaned active-program master list. Cleanup review flag: No exact master row; verify display name.
ba_econ,Economics (BA),BA.ECON,CAS,Bachelor's,A,,"Active Programs by CIP.xlsx, cleaned master program list",TRUE,Generated from cleaned active-program master list. Cleanup review flag: No exact master row; verify display name. Corrected via 2026-06-03 human review.
ba_eled,Elementary Education: Licensure (BA),BA.ELED,SOE,Bachelor's,A,,"Active Programs by CIP.xlsx, cleaned master program list",TRUE,Generated from cleaned active-program master list. Cleanup review flag: No exact master row; verify display name.
ba_envs,Environmental Studies (BA),BA.ENVS,CAS,Bachelor's,A,,"Active Programs by CIP.xlsx, cleaned master program list",TRUE,Generated from cleaned active-program master list. Cleanup review flag: Multiple departments under collapsed master code.
ba_fmed,Communication: Film and Media Arts (BA),BA.FMED,SOC,Bachelor's,A,,"Active Programs by CIP.xlsx, cleaned master program list",TRUE,Generated from cleaned active-program master list.
ba_freu,Language and Area Studies: French/Europe (BA),BA.FREU,CAS,Bachelor's,A,,"Active Programs by CIP.xlsx, cleaned master program list",TRUE,Generated from cleaned active-program master list. Cleanup review flag: Multiple schools under collapsed master code. Multiple departments under collapsed master code.
ba_frst,French Studies (BA),BA.FRST,CAS,Bachelor's,A,,"Active Programs by CIP.xlsx, cleaned master program list",TRUE,Generated from cleaned active-program master list. Cleanup review flag: Multiple departments under collapsed master code.
ba_gir,Global International Relations (BA),BA.GIR,SIS,Bachelor's,A,,"Active Programs by CIP.xlsx, cleaned master program list",TRUE,Generated from cleaned active-program master list.
ba_greu,Language and Area Studies: German/Europe (BA),BA.GREU,CAS,Bachelor's,A,,"Active Programs by CIP.xlsx, cleaned master program list",TRUE,Generated from cleaned active-program master list. Cleanup review flag: Multiple schools under collapsed master code. Multiple departments under collapsed master code.
ba_grst,German Studies (BA),BA.GRST,CAS,Bachelor's,A,,"Active Programs by CIP.xlsx, cleaned master program list",TRUE,Generated from cleaned active-program master list. Cleanup review flag: Multiple departments under collapsed master code.
ba_gvcd,Graphic and Visual Communication Design (BA),BA.GVCD,CAS,Bachelor's,A,,"Active Programs by CIP.xlsx, cleaned master program list",TRUE,Generated from cleaned active-program master list.
ba_hist,History (BA),BA.HIST,CAS,Bachelor's,A,,"Active Programs by CIP.xlsx, cleaned master program list",TRUE,Generated from cleaned active-program master list.
ba_idis,Interdisciplinary Studies (BA),BA.IDIS,CAS,Bachelor's,A,,"Active Programs by CIP.xlsx, cleaned master program list",TRUE,Generated from cleaned active-program master list. Cleanup review flag: No exact master row; verify display name. Multiple schools under collapsed master code. Multiple departments under collapsed master code. Corrected via 2026-06-03 human review.
ba_inst,International Studies (BA),BA.INST,SIS,Bachelor's,A,,"Active Programs by CIP.xlsx, cleaned master program list",TRUE,Generated from cleaned active-program master list.
ba_jpst,Japanese Studies (BA),BA.JPST,CAS,Bachelor's,A,,"Active Programs by CIP.xlsx, cleaned master program list",TRUE,Generated from cleaned active-program master list.
ba_jrnl,Communication: Journalism (BA),BA.JRNL,SOC,Bachelor's,A,,"Active Programs by CIP.xlsx, cleaned master program list",TRUE,Generated from cleaned active-program master list.
ba_jslw,Justice and Law (BA),BA.JSLW,SPA,Bachelor's,A,,"Active Programs by CIP.xlsx, cleaned master program list",TRUE,Generated from cleaned active-program master list. Cleanup review flag: No exact master row; verify display name. Corrected via 2026-06-03 human review.
ba_jwst,Jewish Studies (BA),BA.JWST,CAS,Bachelor's,A,,"Active Programs by CIP.xlsx, cleaned master program list",TRUE,Generated from cleaned active-program master list.
ba_lbst,Liberal Studies (BA),BA.LBST,CAS,Bachelor's,A,,"Active Programs by CIP.xlsx, cleaned master program list",TRUE,Generated from cleaned active-program master list.
ba_lgst,Legal Studies (BA),BA.LGST,SPA,Bachelor's,A,,"Active Programs by CIP.xlsx, cleaned master program list",TRUE,Generated from cleaned active-program master list.
ba_lit,Literature: Cinema Studies (BA),BA.LIT,CAS,Bachelor's,A,,"Active Programs by CIP.xlsx, cleaned master program list",TRUE,Generated from cleaned active-program master list. Cleanup review flag: No exact master row; verify display name.
ba_mtht,Musical Theatre (BA),BA.MTHT,CAS,Bachelor's,A,,"Active Programs by CIP.xlsx, cleaned master program list",TRUE,Generated from cleaned active-program master list.
ba_mus,Music (BA),BA.MUS,CAS,Bachelor's,A,,"Active Programs by CIP.xlsx, cleaned master program list",TRUE,Generated from cleaned active-program master list.
ba_phil,Philosophy (BA),BA.PHIL,CAS,Bachelor's,A,,"Active Programs by CIP.xlsx, cleaned master program list",TRUE,Generated from cleaned active-program master list.
ba_phot,Photography (BA),BA.PHOT,CAS,Bachelor's,A,,"Active Programs by CIP.xlsx, cleaned master program list",TRUE,Generated from cleaned active-program master list. Cleanup review flag: Multiple schools under collapsed master code. Multiple departments under collapsed master code.
ba_phy,Physics (BA),BA.PHY,CAS,Bachelor's,A,,"Active Programs by CIP.xlsx, cleaned master program list",TRUE,Generated from cleaned active-program master list.
ba_pmpe,Popular Music Performance and Enterprise (BA),BA.PMPE,CAS,Bachelor's,A,,"Active Programs by CIP.xlsx, cleaned master program list",TRUE,Generated from cleaned active-program master list.
ba_pols,Political Science: Law and Politics (BA),BA.POLS,SPA,Bachelor's,A,,"Active Programs by CIP.xlsx, cleaned master program list",TRUE,Generated from cleaned active-program master list. Cleanup review flag: No exact master row; verify display name. Multiple schools under collapsed master code. Multiple departments under collapsed master code.
ba_prsc,Public Relations & Strategic Communication (BA),BA.PRSC,SOC,Bachelor's,A,,"Active Programs by CIP.xlsx, cleaned master program list",TRUE,Generated from cleaned active-program master list.
ba_psyc,Psychology (BA),BA.PSYC,CAS,Bachelor's,A,,"Active Programs by CIP.xlsx, cleaned master program list",TRUE,Generated from cleaned active-program master list.
ba_pubh,Public Health (BA),BA.PUBH,CAS,Bachelor's,A,,"Active Programs by CIP.xlsx, cleaned master program list",TRUE,Generated from cleaned active-program master list. Cleanup review flag: Multiple departments under collapsed master code.
ba_relg,Religious Studies (BA),BA.RELG,CAS,Bachelor's,A,,"Active Programs by CIP.xlsx, cleaned master program list",TRUE,Generated from cleaned active-program master list.
ba_rsas,Language and Area Studies: Russian/Area Studies (BA),BA.RSAS,CAS,Bachelor's,A,,"Active Programs by CIP.xlsx, cleaned master program list",TRUE,Generated from cleaned active-program master list. Cleanup review flag: Multiple schools under collapsed master code. Multiple departments under collapsed master code.
ba_rsst,Russian Studies (BA),BA.RSST,CAS,Bachelor's,A,,"Active Programs by CIP.xlsx, cleaned master program list",TRUE,Generated from cleaned active-program master list. Cleanup review flag: Multiple departments under collapsed master code.
ba_socy,Sociology (BA),BA.SOCY,CAS,Bachelor's,A,,"Active Programs by CIP.xlsx, cleaned master program list",TRUE,Generated from cleaned active-program master list.
ba_spla,Language and Area Studies: Spanish/Latin America (BA),BA.SPLA,CAS,Bachelor's,A,,"Active Programs by CIP.xlsx, cleaned master program list",TRUE,Generated from cleaned active-program master list. Cleanup review flag: Multiple schools under collapsed master code. Multiple departments under collapsed master code.
ba_spst,Spanish Studies (BA),BA.SPST,CAS,Bachelor's,A,,"Active Programs by CIP.xlsx, cleaned master program list",TRUE,Generated from cleaned active-program master list. Cleanup review flag: Multiple departments under collapsed master code.
ba_star,Studio Art (BA),BA.STAR,CAS,Bachelor's,A,,"Active Programs by CIP.xlsx, cleaned master program list",TRUE,Generated from cleaned active-program master list.
ba_tht,Theatre: Design and Production (BA),BA.THT,CAS,Bachelor's,A,,"Active Programs by CIP.xlsx, cleaned master program list",TRUE,Generated from cleaned active-program master list. Cleanup review flag: No exact master row; verify display name.
ba_wgss,"Women's, Gender, and Sexuality Studies (BA)",BA.WGSS,CAS,Bachelor's,A,,"Active Programs by CIP.xlsx, cleaned master program list",TRUE,Generated from cleaned active-program master list. Cleanup review flag: Multiple departments under collapsed master code.
bs_acct,Accounting (BS),BS.ACCT,KOGOD,Bachelor's,A,,"Active Programs by CIP.xlsx, cleaned master program list",TRUE,Generated from cleaned active-program master list.
bs_apma,Applied Mathematics (BS),BS.APMA,CAS,Bachelor's,A,,"Active Programs by CIP.xlsx, cleaned master program list",TRUE,Generated from cleaned active-program master list.
bs_atec,Audio Technology (BS),BS.ATEC,CAS,Bachelor's,A,,"Active Programs by CIP.xlsx, cleaned master program list",TRUE,Generated from cleaned active-program master list. Cleanup review flag: Multiple departments under collapsed master code. Audio Technology duplicate (11.0899) merged into this 10.0203 record.
bs_bae,Business and Entertainment (BS),BS.BAE,KOGOD,Bachelor's,A,,"Active Programs by CIP.xlsx, cleaned master program list",TRUE,Generated from cleaned active-program master list.
bs_bchm,Biochemistry (BS),BS.BCHM,CAS,Bachelor's,A,,"Active Programs by CIP.xlsx, cleaned master program list",TRUE,Generated from cleaned active-program master list. Cleanup review flag: No exact master row; verify display name. Corrected via 2026-06-03 human review.
bs_bio,Biology (BS),BS.BIO,CAS,Bachelor's,A,,"Active Programs by CIP.xlsx, cleaned master program list",TRUE,Generated from cleaned active-program master list.
bs_blc,"Business, Language & Culture Studies (BS)",BS.BLC,KOGOD,Bachelor's,A,,"Active Programs by CIP.xlsx, cleaned master program list",TRUE,Generated from cleaned active-program master list. Cleanup review flag: No exact master row; verify display name. Corrected via 2026-06-03 human review.
bs_buai,Business Analytics and Artificial Intelligence (BS),BS.BUAI,KOGOD,Bachelor's,A,,"Active Programs by CIP.xlsx, cleaned master program list",TRUE,Generated from cleaned active-program master list.
bs_chem,Chemistry (BS),BS.CHEM,CAS,Bachelor's,A,,"Active Programs by CIP.xlsx, cleaned master program list",TRUE,Generated from cleaned active-program master list.
bs_cmps,Computational Science (BS),BS.CMPS,CAS,Bachelor's,A,,"Active Programs by CIP.xlsx, cleaned master program list",TRUE,Generated from cleaned active-program master list.
bs_comp,Computer Science (BS),BS.COMP,CAS,Bachelor's,A,,"Active Programs by CIP.xlsx, cleaned master program list",TRUE,Generated from cleaned active-program master list. Cleanup review flag: Multiple departments under collapsed master code.
bs_dsc,Data Science (BS),BS.DSC,CAS,Bachelor's,A,,"Active Programs by CIP.xlsx, cleaned master program list",TRUE,Generated from cleaned active-program master list.
bs_dscj,"Data Sciences for Justice, Law and Criminology (BS)",BS.DSCJ,SPA,Bachelor's,A,,"Active Programs by CIP.xlsx, cleaned master program list",TRUE,Generated from cleaned active-program master list.
bs_dscp,Data Sciences for Political Science (BS),BS.DSCP,SPA,Bachelor's,A,,"Active Programs by CIP.xlsx, cleaned master program list",TRUE,Generated from cleaned active-program master list.
bs_eco,Economics (BS),BS.ECO,CAS,Bachelor's,A,,"Active Programs by CIP.xlsx, cleaned master program list",TRUE,Generated from cleaned active-program master list.
bs_ensc,Environmental Science (BS),BS.ENSC,CAS,Bachelor's,A,,"Active Programs by CIP.xlsx, cleaned master program list",TRUE,Generated from cleaned active-program master list.
bs_fin,Finance (BS),BS.FIN,KOGOD,Bachelor's,A,,"Active Programs by CIP.xlsx, cleaned master program list",TRUE,Generated from cleaned active-program master list.
bs_hepr,Health Promotion (BS),BS.HEPR,CAS,Bachelor's,A,,"Active Programs by CIP.xlsx, cleaned master program list",TRUE,Generated from cleaned active-program master list. Cleanup review flag: Multiple departments under collapsed master code.
bs_maec,Mathematics and Economics (BS),BS.MAEC,CAS,Bachelor's,A,,"Active Programs by CIP.xlsx, cleaned master program list",TRUE,Generated from cleaned active-program master list.
bs_math,Mathematics (BS),BS.MATH,CAS,Bachelor's,A,,"Active Programs by CIP.xlsx, cleaned master program list",TRUE,Generated from cleaned active-program master list.
bs_neur,Neuroscience (BS),BS.NEUR,CAS,Bachelor's,A,,"Active Programs by CIP.xlsx, cleaned master program list",TRUE,Generated from cleaned active-program master list.
bs_pbhl,Public Health (BS),BS.PBHL,CAS,Bachelor's,A,,"Active Programs by CIP.xlsx, cleaned master program list",TRUE,Generated from cleaned active-program master list. Cleanup review flag: Multiple departments under collapsed master code.
bs_phys,Physics (BS),BS.PHYS,CAS,Bachelor's,A,,"Active Programs by CIP.xlsx, cleaned master program list",TRUE,Generated from cleaned active-program master list.
bs_stat,Statistics (BS),BS.STAT,CAS,Bachelor's,A,,"Active Programs by CIP.xlsx, cleaned master program list",TRUE,Generated from cleaned active-program master list. Cleanup review flag: No exact master row; verify display name. Corrected via 2026-06-03 human review.
bsba_badm,Business Administration (BSBA),BSBA.BADM,KOGOD,Bachelor's,A,,"Active Programs by CIP.xlsx, cleaned master program list",TRUE,Generated from cleaned active-program master list. Cleanup review flag: Multiple departments under collapsed master code.
